SimulationID,SimulatedDate,Algorithm,NumAircraft,NSpilled,NFlights,NumPax,Reward
SYDVMBXQ,1_26,VertiSimHeuristics,55,223,1961,3080,60716.21639999993
SYDVMBXQ,4_17,VertiSimHeuristics,55,346,1997,3396,69678.40039999984
SYDVMBXQ,11_25,VertiSimHeuristics,55,418,2130,3755,76781.72079999997
SYDVMBXQ,1_5,VertiSimHeuristics,55,280,2105,3597,77011.29199999991
SYDVMBXQ,3_25,VertiSimHeuristics,55,441,2170,3991,89196.41159999985
SYDVMBXQ,8_15,VertiSimHeuristics,55,329,2231,3927,86639.07720000004
SYDVMBXQ,4_15,VertiSimHeuristics,55,454,2199,3830,78421.14559999989
SYDVMBXQ,8_12,VertiSimHeuristics,55,816,2437,4818,99174.15760000011
TQXBLSAJ,11_26,VertiSimHeuristics,55,388,2246,3751,70514.41159999979
XKHJLNJF,1_31,VertiSimHeuristics,55,426,2033,3501,68676.08759999985
JGLYANTB,6_13,VertiSimHeuristics,55,450,2426,4287,90792.7495999999
FDPADJZC,11_21,VertiSimHeuristics,55,397,2213,4018,89061.43599999996
FDPADJZC,6_28,VertiSimHeuristics,55,481,2197,3888,79031.38879999984
RKQSTKWE,3_21,VertiSimHeuristics,55,425,2211,4259,100259.83879999994
WFMREJOQ,11_18,VertiSimHeuristics,55,546,2133,4125,91706.93679999995
JPCMUOVN,6_17,VertiSimHeuristics,55,352,2320,4345,105967.71800000023
GSHWGIKA,1_19,VertiSimHeuristics,55,248,1919,3204,67145.14839999983
FTGKBMXJ,3_22,VertiSimHeuristics,55,631,2175,4062,81944.63719999985
EPZRRGTW,5_6,VertiSimHeuristics,55,495,2147,3712,70083.63359999986
CZQDJTHP,1_21,VertiSimHeuristics,55,459,2166,3727,72464.66120000002
MYLLOIDM,9_8,VertiSimHeuristics,55,517,2273,3913,74231.38799999983
EHZGGPOR,5_4,VertiSimHeuristics,55,553,2280,4287,92188.68800000014
NNLTLEMW,7_2,VertiSimHeuristics,55,542,2302,4466,101926.62480000014
FDPCSXVU,6_16,VertiSimHeuristics,55,515,2446,4343,88863.89999999983
EGBLZCSS,7_5,VertiSimHeuristics,55,342,2063,3814,89362.88440000014
EZVSHDDO,6_10,VertiSimHeuristics,55,374,2251,4130,97022.16520000008
QGGIUGSJ,7_4,VertiSimHeuristics,55,354,2046,3872,92190.53719999996
QKGPMJQZ,3_2,VertiSimHeuristics,55,387,2060,3479,69812.63199999988
KSDSKYGO,3_31,VertiSimHeuristics,55,370,2260,3965,84617.1363999999
GLLYKBDC,6_14,VertiSimHeuristics,55,608,2288,4502,100730.35120000014
CDRMHOBZ,8_13,VertiSimHeuristics,55,490,2210,4090,88189.75959999989
VAJGFJWL,7_3,VertiSimHeuristics,55,471,2361,4383,96756.6440000001
NTQOWGGB,5_7,VertiSimHeuristics,55,597,2198,4070,84377.23359999998
SOQCYLRZ,3_23,VertiSimHeuristics,55,391,2172,3884,85367.46960000004
NKJBDBTH,8_29,VertiSimHeuristics,55,438,2168,4151,95397.01639999988
LLANAWOJ,8_28,VertiSimHeuristics,55,406,2322,4220,95510.01720000003
BVSCARMP,1_23,VertiSimHeuristics,55,251,1854,3160,68460.06519999978
OCINEYGL,11_23,VertiSimHeuristics,55,516,2119,3870,81787.13679999983
JZLCVIIA,3_30,VertiSimHeuristics,55,336,2163,3633,75078.7331999998
SOJZKOCN,6_15,VertiSimHeuristics,55,505,2295,4138,85412.8808000002
BNMMNSUV,3_3,VertiSimHeuristics,55,311,2055,3319,64089.23119999992
EEYPOOLZ,11_27,VertiSimHeuristics,55,462,2139,3828,79767.95919999965
UPQFIUFI,3_1,VertiSimHeuristics,55,604,2381,4480,95225.2667999999
LSHUZXQP,1_18,VertiSimHeuristics,55,448,2181,3884,80784.51679999997
KFQAANEH,1_7,VertiSimHeuristics,55,400,2092,4039,96184.68079999996
EFIGOYLA,3_27,VertiSimHeuristics,55,594,2273,4257,89974.08839999986
FLQHLXNN,11_20,VertiSimHeuristics,55,494,2203,3946,81871.3359999999
YLRSJMUJ,6_29,VertiSimHeuristics,55,458,2301,4013,82179.20559999999
IJKCWOBK,4_16,VertiSimHeuristics,55,299,2096,3567,76232.7207999998
RMYCKULO,5_5,VertiSimHeuristics,55,495,2125,3884,80418.23639999978
GIJAGESB,6_12,VertiSimHeuristics,55,488,2205,4172,94055.93159999994
EOEAIYMA,3_5,VertiSimHeuristics,55,459,2124,3723,74439.01759999986
CWYKDYPF,4_12,VertiSimHeuristics,55,382,2232,3735,76084.09399999995
ZTOCAXKX,6_11,VertiSimHeuristics,55,563,2325,4446,97279.23159999991
TYGUJKRP,1_4,VertiSimHeuristics,55,333,1978,3495,75046.32719999977
UAZIYAUO,3_24,VertiSimHeuristics,55,463,2291,4202,92757.7787999999
KSPVDRAE,4_29,VertiSimHeuristics,55,674,2276,4307,88005.29479999989
ECGQRGCF,9_9,VertiSimHeuristics,55,438,2311,4231,94489.61440000014
CAZQTYWZ,1_3,VertiSimHeuristics,55,408,2169,4006,89851.62359999998
TUAYDXAG,5_3,VertiSimHeuristics,55,460,2361,4175,85094.11679999993
GOWMANCD,5_2,VertiSimHeuristics,55,379,2150,4055,96677.49399999996
UXPTDUPA,8_14,VertiSimHeuristics,55,457,2458,4282,87281.71759999997
BFZOJPEM,1_20,VertiSimHeuristics,55,406,1990,3278,61661.36239999986
MVOACQTF,3_18,VertiSimHeuristics,55,444,2042,4024,95273.61519999999
SIDOTHVI,4_14,VertiSimHeuristics,55,461,2112,3574,68059.6387999998
CTLOWZOH,3_20,VertiSimHeuristics,55,447,2170,3905,82306.18239999998
LQFDOBLZ,1_27,VertiSimHeuristics,55,386,2015,3468,70914.56839999996
OZVLHLEC,11_9,VertiSimHeuristics,55,401,2005,3411,66023.26679999991
HDAJLKLE,1_30,VertiSimHeuristics,55,296,1924,3022,56233.46839999987
WORDZLCA,11_8,VertiSimHeuristics,55,807,2357,4764,102859.79280000007
ZVVFQFTS,8_10,VertiSimHeuristics,55,728,2288,4480,92061.34160000001
HOADKKSB,4_11,VertiSimHeuristics,55,657,2079,3907,75203.73239999973
SBHRICIZ,11_19,VertiSimHeuristics,55,486,2200,3972,82901.89279999994
NXECNJDC,8_17,VertiSimHeuristics,55,435,2199,3708,72350.05599999984
UXXXFTYB,11_24,VertiSimHeuristics,55,494,2203,4152,91106.80439999985
XPJQXTTC,1_24,VertiSimHeuristics,55,462,1893,3410,68564.62519999983
BTTZNOTB,4_13,VertiSimHeuristics,55,463,2286,3902,79385.94479999998
TNMXNTIW,3_4,VertiSimHeuristics,55,402,2144,3958,90773.88240000015
SOHPOQSE,3_6,VertiSimHeuristics,55,399,2185,3517,65304.33159999974
BJFZTYSL,5_1,VertiSimHeuristics,55,522,2256,4131,88659.04520000021
VMCIMLJC,7_6,VertiSimHeuristics,55,453,2258,4252,98622.56920000014
TKAITDQM,11_30,VertiSimHeuristics,55,438,2199,3928,82813.8155999998
AEOOGPOK,8_16,VertiSimHeuristics,55,426,2211,4098,91955.3224000002
ITPSDBEQ,1_25,VertiSimHeuristics,55,372,2079,3973,96921.4400000001
UZFJCROD,7_1,VertiSimHeuristics,55,544,2499,4452,91227.92279999988
QURHLJBX,1_22,VertiSimHeuristics,55,276,2040,3353,66772.9795999998
NAXMETJZ,3_19,VertiSimHeuristics,55,476,2049,3753,79959.8171999998
OIWGCSRP,3_7,VertiSimHeuristics,55,568,2186,3953,76634.74479999974
EWQZRFKL,4_28,VertiSimHeuristics,55,410,2148,3841,84365.97399999984
JCRTZOVF,1_1,VertiSimHeuristics,55,566,1843,3480,70664.68079999993
YPHARUQR,7_7,VertiSimHeuristics,55,523,2321,4498,104058.93400000007
EQYEXYJS,1_2,VertiSimHeuristics,55,797,2342,4719,100475.84800000013
AAEEDIVQ,3_26,VertiSimHeuristics,55,334,2123,3804,85462.19719999997
NWHVGXAM,1_6,VertiSimHeuristics,55,396,2108,3747,80908.08799999981
KTIBZBDQ,4_10,VertiSimHeuristics,55,408,2060,3745,82729.61839999998
FYHFKBUF,8_11,VertiSimHeuristics,55,382,2211,4108,95267.9779999999
VVMGDVSG,11_22,VertiSimHeuristics,55,418,2271,4160,92788.27079999991
LDGISYKV,8_9,VertiSimHeuristics,55,406,2282,4314,100380.46000000005
TOPQQNWU,12_29,VertiSimHeuristics,55,422,2386,4215,90960.70439999996
KBLIRVZD,6_5,VertiSimHeuristics,55,465,2215,4046,87453.19160000012
XPIWYLVF,12_12,VertiSimHeuristics,55,379,2204,4005,91812.10040000014
BQKHRNEJ,12_13,VertiSimHeuristics,55,518,2160,4273,101113.86480000014
ALQJUENK,5_31,VertiSimHeuristics,55,426,2200,4097,91134.11840000004
NALMMPAI,5_24,VertiSimHeuristics,55,460,2048,4081,96708.65640000002
ULXHFKGM,7_19,VertiSimHeuristics,55,429,2413,4135,84954.49479999996
DBYAUFSH,9_21,VertiSimHeuristics,55,356,2098,3800,86424.84720000002
FYWTCICQ,6_6,VertiSimHeuristics,55,375,2252,4136,96301.27519999987
LZFSZXOV,6_4,VertiSimHeuristics,55,444,2105,4188,101467.5599999999
CPEKMONY,10_8,VertiSimHeuristics,55,416,2151,3861,85992.18119999983
BLSREZDE,9_27,VertiSimHeuristics,55,381,2266,4050,89797.80280000005
OYGHHGKE,5_19,VertiSimHeuristics,55,385,2178,3776,79884.61799999989
WKZCKBAF,10_29,VertiSimHeuristics,55,268,2151,3623,78733.73159999985
DWYHNRFV,12_14,VertiSimHeuristics,55,474,2174,3969,84942.99560000002
LYYWKCDL,7_18,VertiSimHeuristics,55,373,2264,3958,84798.04759999992
UVVJOUCL,4_6,VertiSimHeuristics,55,217,1955,3605,89679.40760000006
WNZBJMKK,5_26,VertiSimHeuristics,55,428,2162,3688,72853.41079999982
SKDCUBNQ,6_7,VertiSimHeuristics,55,551,2308,4381,96037.15559999993
WWFXGDWB,7_22,VertiSimHeuristics,55,512,2266,4174,88415.46960000007
FARAKUZF,2_10,VertiSimHeuristics,55,342,1925,3157,62111.165199999996
UFMFVAIN,9_24,VertiSimHeuristics,55,452,2023,3501,69621.77039999988
ZEBDRCKF,9_20,VertiSimHeuristics,55,695,2399,4651,99235.07880000022
EXHLDREZ,12_15,VertiSimHeuristics,55,444,2143,3907,84762.65999999999
DJPSLPCZ,5_22,VertiSimHeuristics,55,525,2351,4257,89164.47480000001
FHICNLIP,4_2,VertiSimHeuristics,55,561,2381,4463,95118.00840000005
EVNCZXVF,8_8,VertiSimHeuristics,55,512,2351,4591,107485.02399999996
ANNNPFCU,2_5,VertiSimHeuristics,55,297,2218,3821,85138.03279999993
UUHFQRVG,10_14,VertiSimHeuristics,55,573,2265,3956,75013.66639999983
HRJEUMUX,12_10,VertiSimHeuristics,55,391,2065,3707,81323.10039999982
ECZRATZV,7_25,VertiSimHeuristics,55,623,2293,4553,102632.90000000017
XSFAOJUL,9_23,VertiSimHeuristics,55,577,2110,4120,91385.8143999998
NAVLVEOZ,2_13,VertiSimHeuristics,55,295,2082,3429,71571.34919999975
LXVUZVNR,10_13,VertiSimHeuristics,55,404,2097,3638,74219.3763999998
FJDXZMZM,2_28,VertiSimHeuristics,55,481,2169,3871,79058.18560000006
FJUVFMZC,7_20,VertiSimHeuristics,55,379,2316,4065,86791.76360000014
BMSMYJRR,12_9,VertiSimHeuristics,55,505,2206,4185,93851.70920000011
WSPVFSTZ,9_30,VertiSimHeuristics,55,561,2319,4149,80895.61320000007
GEJTSSXZ,2_17,VertiSimHeuristics,55,314,1965,3353,70352.23279999978
ZUAQVEHS,12_17,VertiSimHeuristics,55,445,2122,3909,85016.8763999998
GEJTSSXZ,10_17,VertiSimHeuristics,55,314,2183,3918,91935.39640000016
NASKULFK,12_28,VertiSimHeuristics,55,633,2399,4647,100829.93080000002
NIOWNGTL,4_5,VertiSimHeuristics,55,342,2229,3896,85690.88000000014
KCOOIDNR,9_19,VertiSimHeuristics,55,446,2238,3981,84801.00720000004
PJGYWNBN,6_3,VertiSimHeuristics,55,412,2065,3713,78795.25439999995
EASJAQAG,2_6,VertiSimHeuristics,55,378,2187,3918,87309.12559999997
KGMLQIID,2_1,VertiSimHeuristics,55,293,2025,3623,83416.12919999985
SLZFKFNP,6_1,VertiSimHeuristics,55,441,2118,3864,83605.11240000017
AOBTJJCQ,7_27,VertiSimHeuristics,55,422,2195,4393,107415.07800000027
RUPNMOOK,5_21,VertiSimHeuristics,55,370,2170,3765,78933.72799999986
TRDBVPYV,7_31,VertiSimHeuristics,55,617,2551,4965,112099.6232000004
MUYGPBCD,2_7,VertiSimHeuristics,55,405,2051,3667,80410.43759999993
ZRXIGTDA,12_8,VertiSimHeuristics,55,352,2058,3793,87058.19400000006
VSHEIYJS,9_18,VertiSimHeuristics,55,513,2146,3936,82052.00080000008
YQDLQWRO,12_16,VertiSimHeuristics,55,451,2166,3896,81882.79279999975
UMFGFBLO,10_16,VertiSimHeuristics,55,459,2226,4025,87057.02120000005
MZAJXFPQ,7_26,VertiSimHeuristics,55,415,2432,4507,104539.56040000025
OAWGTAKW,10_10,VertiSimHeuristics,55,470,2210,3951,81445.58999999995
ZSUKXJUO,2_2,VertiSimHeuristics,55,429,1932,3566,77447.0451999999
ZSUKXJUO,12_11,VertiSimHeuristics,55,405,2160,3644,73020.48999999974
FEXRUWMH,6_2,VertiSimHeuristics,55,440,2174,4323,104681.84879999989
FCITAHLV,7_21,VertiSimHeuristics,55,510,2229,4276,96012.7819999998
IBYVBEYP,2_12,VertiSimHeuristics,55,363,2215,3905,84589.69199999991
FIKZPWCV,2_16,VertiSimHeuristics,55,381,2070,3673,79698.7339999999
CEMSOCJA,9_22,VertiSimHeuristics,55,464,2315,4186,89811.2079999999
OCPQBPZZ,2_14,VertiSimHeuristics,55,507,2244,4023,82402.40039999994
RHHQPZWX,2_15,VertiSimHeuristics,55,442,2368,4290,95012.60479999991
IBPOPPTF,9_25,VertiSimHeuristics,55,435,2184,4153,96876.49039999992
QNIXSCXG,5_18,VertiSimHeuristics,55,364,2053,3691,79279.44319999982
RLWMQQPS,9_15,VertiSimHeuristics,55,522,2074,4071,91854.43239999979
MAAXTAFN,10_12,VertiSimHeuristics,55,412,2039,3660,78771.80679999993
MAAXTAFN,2_4,VertiSimHeuristics,55,446,2084,3546,66937.64999999988
CYCREYXF,10_9,VertiSimHeuristics,55,313,2071,3650,80730.32159999963
JDIXVJQU,2_3,VertiSimHeuristics,55,409,2051,3674,77985.64399999985
UYVPAVMT,5_25,VertiSimHeuristics,55,354,2022,3599,79782.41039999996
NHICLGCG,10_11,VertiSimHeuristics,55,579,2194,4280,95173.16359999985
PPABRQXD,10_15,VertiSimHeuristics,55,507,2154,3731,72863.7979999998
FIBYUPGD,12_21,VertiSimHeuristics,55,544,2273,4192,86753.09279999972
OHZZQVFQ,4_3,VertiSimHeuristics,55,330,1966,3442,73184.73319999993
JNMMQDIF,5_23,VertiSimHeuristics,55,535,2377,4268,85548.04839999991
YILTNMFE,7_23,VertiSimHeuristics,55,683,2601,4632,86773.70999999986
OZVXCPDO,7_30,VertiSimHeuristics,55,441,2297,4286,99235.34080000002
VIDWIMBJ,4_1,VertiSimHeuristics,55,628,2391,4425,88864.7043999998
CLPXZEZW,5_20,VertiSimHeuristics,55,413,2288,3990,86092.7967999997
FRCEWCTN,2_11,VertiSimHeuristics,55,485,2130,3905,83754.84400000001
TZXRZFPP,9_29,VertiSimHeuristics,55,491,2161,3910,81882.11199999995
TZXRZFPP,5_27,VertiSimHeuristics,55,463,2245,4273,98654.31320000005
ZSNVAANF,4_7,VertiSimHeuristics,55,500,2324,4183,85111.70199999987
ALPHNDVD,9_26,VertiSimHeuristics,55,477,2217,4262,98179.11760000017
EYIOMESD,4_4,VertiSimHeuristics,55,679,2121,3967,74294.86719999985
ETTANHRO,10_28,VertiSimHeuristics,55,501,2398,4157,84040.89359999991
XIUWSILN,7_24,VertiSimHeuristics,55,377,2441,4361,96877.49360000012
ZVVDEBZT,5_30,VertiSimHeuristics,55,446,2474,4273,89676.96120000003
GSDYCQQR,10_30,VertiSimHeuristics,55,269,2084,3619,82038.09799999994
KKWFYTXR,7_10,VertiSimHeuristics,55,481,2339,4415,101868.49000000031
ICBQXCVI,5_28,VertiSimHeuristics,55,472,2312,4305,95907.27039999996
AHJXDSAY,7_13,VertiSimHeuristics,55,360,2271,4054,89839.12320000009
NKALVBTY,10_5,VertiSimHeuristics,55,528,2239,3835,70832.81999999976
SRVQTHTM,8_6,VertiSimHeuristics,55,379,2218,4036,93436.55200000005
SRVQTHTM,7_15,VertiSimHeuristics,55,693,2596,5044,106540.78400000023
RRAIBORJ,8_5,VertiSimHeuristics,55,470,2277,4311,97278.47960000008
KZNYAUNH,5_29,VertiSimHeuristics,55,587,2258,4350,94991.88080000004
HBOULVMV,9_11,VertiSimHeuristics,55,341,2105,3803,86957.1916000001
ZTMUQFIQ,10_25,VertiSimHeuristics,55,571,2258,4098,82293.59639999988
RGSBVJYJ,10_4,VertiSimHeuristics,55,729,2428,4656,96859.92920000009
SGFLQORN,7_12,VertiSimHeuristics,55,508,2399,4554,103268.29560000014
NZOHXMCU,12_3,VertiSimHeuristics,55,435,2476,4290,90860.33359999997
HZFTJPIG,12_18,VertiSimHeuristics,55,566,2072,4088,91064.00599999996
LXTWPROM,12_1,VertiSimHeuristics,55,521,2289,4093,80882.09039999997
XLLVZZXJ,10_7,VertiSimHeuristics,55,480,2245,4266,97565.0068000001
YYTNWJOK,2_21,VertiSimHeuristics,55,401,1971,3630,80140.45239999994
OOZRPZBJ,2_9,VertiSimHeuristics,55,241,1924,3258,70374.73839999986
XMEYJJPO,7_14,VertiSimHeuristics,55,439,2244,4102,88695.31040000013
TJTZJSJI,2_23,VertiSimHeuristics,55,374,2032,3791,87372.6816
GKVMSGSZ,6_9,VertiSimHeuristics,55,431,1986,3698,82137.21239999987
YWLFNXUV,12_30,VertiSimHeuristics,55,555,2356,4258,86427.39119999988
KHHEBNWX,8_4,VertiSimHeuristics,55,533,2257,4097,85932.15880000003
GCSSVRVW,2_20,VertiSimHeuristics,55,562,2092,3858,79909.37200000015
FZBZJKJR,10_6,VertiSimHeuristics,55,499,2338,4216,88499.04359999992
TLPWFGAU,9_17,VertiSimHeuristics,55,326,2063,3853,90489.06840000002
AREJTKSD,10_27,VertiSimHeuristics,55,332,1954,3506,77601.32919999979
RLQMIXGK,12_19,VertiSimHeuristics,55,510,2275,4226,90042.90480000009
EBCWNCCV,12_2,VertiSimHeuristics,55,411,2259,4038,90070.50640000011
NVQXODPK,9_10,VertiSimHeuristics,55,395,2154,3891,89451.94199999992
UDWYPGIP,10_20,VertiSimHeuristics,55,460,2211,3898,77876.03839999984
NRIRPLSC,10_24,VertiSimHeuristics,55,513,2240,4018,83150.26679999984
XSZUKQWX,10_31,VertiSimHeuristics,55,404,2075,3512,68198.95999999986
OTCILJZK,12_23,VertiSimHeuristics,55,423,2179,3932,85376.60519999999
DIMXRNKO,5_16,VertiSimHeuristics,55,434,2197,4140,94343.34839999999
SVFVUXMS,9_3,VertiSimHeuristics,55,389,2076,3717,80218.91879999996
AXHAFSOL,6_8,VertiSimHeuristics,55,378,2246,3903,82104.03719999989
KOJJRERV,7_29,VertiSimHeuristics,55,467,2305,4236,93492.5016000001
VCQVWJKQ,5_15,VertiSimHeuristics,55,463,2105,3943,88012.19959999988
VCQVWJKQ,10_3,VertiSimHeuristics,55,458,2029,3861,86706.362
PMJJDMLR,7_11,VertiSimHeuristics,55,380,2367,4121,87048.22880000008
FAIBGFIS,7_16,VertiSimHeuristics,55,382,2198,4034,89632.37480000002
FAIEYVBD,4_22,VertiSimHeuristics,55,485,2089,4081,93260.52239999991
NIAOATAA,8_3,VertiSimHeuristics,55,488,2470,4467,96815.82080000026
RPGXSTUN,8_7,VertiSimHeuristics,55,545,2321,4502,101435.54560000022
BEACNAJZ,12_24,VertiSimHeuristics,55,432,2152,3650,71042.20879999972
OFJCWHRO,10_18,VertiSimHeuristics,55,459,2287,4177,92611.0708000001
ITVCVWHW,2_24,VertiSimHeuristics,55,447,2035,3699,78140.31880000002
JJRHRWYW,9_28,VertiSimHeuristics,55,533,2317,4289,91144.48999999993
FWHPSFSR,12_27,VertiSimHeuristics,55,654,2323,4477,96589.08960000005
RQPEVGBQ,11_13,VertiSimHeuristics,55,342,2083,3820,87162.83559999983
AHMYHRFD,12_6,VertiSimHeuristics,55,465,2353,4186,87520.082
IRKYLPYY,10_23,VertiSimHeuristics,55,453,2225,3797,73161.75999999978
ZWQGXIIA,2_19,VertiSimHeuristics,55,404,1885,3547,79771.17319999992
MUFWIARD,4_9,VertiSimHeuristics,55,515,2155,3875,76848.75639999993
WAHLQXIF,12_5,VertiSimHeuristics,55,475,2169,4137,94284.8348
KYWYTZWQ,12_20,VertiSimHeuristics,55,449,2130,3906,84000.29799999985
OOJHPHSY,12_7,VertiSimHeuristics,55,388,1946,3398,69693.75879999978
XXUOHNVW,9_13,VertiSimHeuristics,55,573,2238,4215,86235.91399999977
XUQXIOQA,3_17,VertiSimHeuristics,55,635,2281,4344,91227.15519999992
XBUIWLVJ,2_27,VertiSimHeuristics,55,605,2249,4281,89524.23960000022
SRZXENOX,5_10,VertiSimHeuristics,55,503,2238,4192,91026.72639999988
KDMYPBVD,12_4,VertiSimHeuristics,55,385,2159,3800,81591.79719999997
PRTHJUNB,2_18,VertiSimHeuristics,55,570,2083,4076,88368.66119999993
FSLCMNAB,9_14,VertiSimHeuristics,55,578,2204,4151,87520.19880000001
HMJGVXFU,5_13,VertiSimHeuristics,55,492,2139,4031,88130.4975999999
UXPJPHSU,8_2,VertiSimHeuristics,55,664,2296,4629,103443.8688000001
ZUNIZZDT,5_12,VertiSimHeuristics,55,353,2106,3570,73093.38519999982
JPYSQGTR,11_4,VertiSimHeuristics,55,400,2121,3679,74261.92919999972
UIZQODAR,2_25,VertiSimHeuristics,55,480,2031,3918,86699.94559999998
ZJWMYQPX,8_1,VertiSimHeuristics,55,499,2242,4258,97015.04720000023
WKHQDTKX,5_11,VertiSimHeuristics,55,436,1953,3467,70994.50639999972
GVWKNQFI,12_22,VertiSimHeuristics,55,517,2342,4315,92509.0243999999
CBJLOYDK,2_26,VertiSimHeuristics,55,400,2058,3623,75230.09879999996
JFIRFMYO,3_8,VertiSimHeuristics,55,325,2153,3476,67113.99799999969
WWZZCXPY,5_17,VertiSimHeuristics,55,553,2239,4315,94073.18839999991
HWGBXLPR,9_12,VertiSimHeuristics,55,722,2353,4551,94166.48200000012
VRFNAEQL,10_2,VertiSimHeuristics,55,580,2371,4281,84382.12999999973
SDFNMPAM,5_14,VertiSimHeuristics,55,261,2064,3827,94800.76479999996
SDFNMPAM,7_28,VertiSimHeuristics,55,501,2413,4443,97605.85719999987
MONCAZHU,9_16,VertiSimHeuristics,55,589,2256,4151,84919.90680000011
KYKBGZOU,10_1,VertiSimHeuristics,55,386,2188,3946,87445.98359999985
AXUWZUVO,10_26,VertiSimHeuristics,55,345,2117,4150,104505.72680000009
ZWIJVBRW,12_26,VertiSimHeuristics,55,394,2092,4015,96549.56159999999
IHYVWCWH,10_21,VertiSimHeuristics,55,406,2217,4081,92958.67080000011
WLPENKEM,6_27,VertiSimHeuristics,55,878,2559,5139,108194.24040000013
QFIPIVAS,10_19,VertiSimHeuristics,55,440,2083,3798,82985.62159999982
BKSDXTPE,2_8,VertiSimHeuristics,55,428,2175,3952,86487.78399999978
JWHQIKAW,10_22,VertiSimHeuristics,55,459,2167,3792,77217.43399999986
MRBFCQMV,12_25,VertiSimHeuristics,55,419,2207,3934,84628.21799999995
PWYCCXKQ,2_22,VertiSimHeuristics,55,422,2048,3554,74472.11319999983
RNSZFMOA,4_8,VertiSimHeuristics,55,530,2144,3971,84336.43959999998
CDSHLXDX,7_17,VertiSimHeuristics,55,459,2263,4297,98503.46560000008
ZNWHUHUT,8_22,VertiSimHeuristics,55,507,2347,4345,93075.16400000016
WQFXIEHQ,1_13,VertiSimHeuristics,55,334,2024,3588,80069.68639999986
ANRPMAMJ,11_29,VertiSimHeuristics,55,287,1763,3039,63702.822399999946
SVEFRMVV,3_14,VertiSimHeuristics,55,465,2346,4207,89695.1935999999
GHTRGWDP,6_25,VertiSimHeuristics,55,838,2366,4896,107532.77760000016
GCOVNKBN,12_31,VertiSimHeuristics,55,508,2276,4159,88305.61199999988
AUTFVXCU,9_6,VertiSimHeuristics,55,324,2086,3741,84538.10399999996
WKYWUEDT,6_20,VertiSimHeuristics,55,452,2487,4362,91138.93120000005
TZDCUMGZ,1_12,VertiSimHeuristics,55,442,2038,3850,85988.32519999992
PJDKROOR,8_23,VertiSimHeuristics,55,390,2211,4031,93465.08200000023
ETJWQBVW,4_30,VertiSimHeuristics,55,396,2268,3768,73960.65319999984
BSFXJIXM,11_7,VertiSimHeuristics,55,479,2135,3806,79472.20639999985
CPMGGXVF,11_6,VertiSimHeuristics,55,446,2081,3662,74620.21719999972
MYGNJUZC,4_26,VertiSimHeuristics,55,423,2171,3870,83444.33080000004
YFTVWVEH,11_16,VertiSimHeuristics,55,357,2131,3635,73853.2492000001
XVFUYDUG,8_25,VertiSimHeuristics,55,431,2341,4114,86995.1103999997
KSLWNOXM,6_26,VertiSimHeuristics,55,691,2432,4689,100099.56959999994
ALKXDGXW,3_15,VertiSimHeuristics,55,384,2127,3600,73129.70119999973
SNBZGSKB,5_8,VertiSimHeuristics,55,416,2226,4103,93461.84160000029
GDYAMFXJ,6_24,VertiSimHeuristics,55,573,2355,4782,113164.90360000017
RZNBCPMO,3_12,VertiSimHeuristics,55,437,2123,3893,86239.54519999998
PXBRLHVN,7_8,VertiSimHeuristics,55,436,2363,4146,86310.64439999982
ATTVOWBK,1_15,VertiSimHeuristics,55,381,2159,3738,77890.97519999991
RAWGHMBS,3_9,VertiSimHeuristics,55,458,2096,3810,79345.21559999994
GNBHYIGE,11_11,VertiSimHeuristics,55,309,2015,3520,77969.30919999995
GOOODZOH,11_2,VertiSimHeuristics,55,405,2144,3719,78313.63679999995
IDZBAESP,1_9,VertiSimHeuristics,55,502,2052,3889,83293.58599999985
ANOVZLXC,7_9,VertiSimHeuristics,55,480,2263,4173,91081.16359999999
FORSSMRN,3_13,VertiSimHeuristics,55,395,2206,3891,85031.43319999991
UVFULSAX,8_31,VertiSimHeuristics,55,554,2206,4056,82432.46919999989
MBUWWQWG,11_5,VertiSimHeuristics,55,431,2100,3581,66352.31759999975
UJYAIPXG,1_14,VertiSimHeuristics,55,488,2181,3979,83879.27519999997
BLSOJKHZ,3_29,VertiSimHeuristics,55,400,2271,4069,88934.58999999991
DZNXQSBA,6_30,VertiSimHeuristics,55,698,2443,4566,91732.47839999996
WPMKRLRE,4_27,VertiSimHeuristics,55,361,1973,3633,83727.5264
NCLABHJL,11_17,VertiSimHeuristics,55,527,2207,4111,88796.39519999998
WTLFRBCW,5_9,VertiSimHeuristics,55,377,2245,4090,92694.81400000001
PBISHKEZ,3_16,VertiSimHeuristics,55,347,2086,3678,78786.22240000007
GRIZKNNN,4_20,VertiSimHeuristics,55,270,2139,3853,92388.76479999974
GRIZKNNN,8_30,VertiSimHeuristics,55,590,2299,4215,87040.08919999991
CGVVNMWF,11_1,VertiSimHeuristics,55,417,2057,3791,83161.42199999976
OJBAFNIA,6_18,VertiSimHeuristics,55,532,2418,4280,87797.06519999998
VOMTVHSZ,9_7,VertiSimHeuristics,55,240,1984,3246,68198.3903999997
UZZVMZJM,11_3,VertiSimHeuristics,55,400,2308,4226,98767.32919999988
LLYEJJDD,11_12,VertiSimHeuristics,55,445,2185,3867,83089.3235999999
CEVBIOPW,9_1,VertiSimHeuristics,55,351,2259,3674,71569.9875999998
HAGGUVYY,8_24,VertiSimHeuristics,55,420,2317,4065,86509.1832
KHGBJQYT,8_27,VertiSimHeuristics,55,403,2166,4130,96963.78799999987
QFRLVMIX,1_11,VertiSimHeuristics,55,572,2141,4039,82643.25999999992
NZZSXCGD,4_25,VertiSimHeuristics,55,517,2185,4121,88250.60199999996
DEQASNWM,4_23,VertiSimHeuristics,55,507,2356,4273,91322.83440000005
IJXDRUNU,9_5,VertiSimHeuristics,55,438,2171,3968,87227.03120000003
APMXIOOU,1_28,VertiSimHeuristics,55,386,2098,3812,85244.53119999992
ZTULCWNH,1_17,VertiSimHeuristics,55,571,2134,4053,85015.04479999996
LRNUAMWP,8_21,VertiSimHeuristics,55,529,2214,4105,85589.20599999979
ZVNVBHHG,11_28,VertiSimHeuristics,55,395,1955,3358,67567.99319999978
VHORQYCI,9_2,VertiSimHeuristics,55,515,2016,3871,84755.49680000017
NMASNCER,4_18,VertiSimHeuristics,55,502,2278,4343,98472.99080000003
PVGMXJYU,6_21,VertiSimHeuristics,55,751,2366,4387,82188.9919999998
JHOGKKYJ,6_22,VertiSimHeuristics,55,611,2221,4383,95227.68760000018
MJPKHDYV,8_20,VertiSimHeuristics,55,520,2331,4494,102461.9880000003
PNQFZHJM,4_19,VertiSimHeuristics,55,405,2132,3962,89114.30280000012
GFBLBHZR,3_28,VertiSimHeuristics,55,498,2201,4004,84571.80319999985
AHGIQFGN,11_15,VertiSimHeuristics,55,695,2184,4307,90920.63479999984
UCHWTCXI,8_18,VertiSimHeuristics,55,322,2342,4111,91894.70120000002
IZHEUHKD,6_23,VertiSimHeuristics,55,489,2188,4121,92649.35280000005
ZXJDUUFY,6_19,VertiSimHeuristics,55,423,2316,4158,89598.912
WGBTQVYB,3_10,VertiSimHeuristics,55,529,2245,4284,94441.87359999998
PNBRPQBE,4_21,VertiSimHeuristics,55,369,1962,3486,73275.6727999999
MAJUZSNP,3_11,VertiSimHeuristics,55,556,2074,3984,85121.33559999992
TZLMAUGK,1_16,VertiSimHeuristics,55,356,1979,3475,74753.45039999974
WEDZNYKB,8_19,VertiSimHeuristics,55,513,2531,4880,114518.97320000018
HJITXNVG,1_10,VertiSimHeuristics,55,377,2134,3903,86349.08799999995
GCBSNNHS,11_14,VertiSimHeuristics,55,568,2256,3963,74467.64479999978
RSWAKCPS,11_10,VertiSimHeuristics,55,349,2050,3487,70569.35999999986
AKWYUGAB,4_24,VertiSimHeuristics,55,318,2194,3781,79030.55440000005
BUQDISYI,1_29,VertiSimHeuristics,55,317,2036,3466,72839.88119999973
TTJIZUXK,8_26,VertiSimHeuristics,55,579,2279,4269,92365.51440000009
KBLYCEFU,9_4,VertiSimHeuristics,55,402,2047,3786,84837.89920000001
KQJLHIHD,1_8,VertiSimHeuristics,55,430,2208,4011,87416.33079999991
